"id","payment_method","account_id","price_id","date","total"
"1","CARD","1","1","2023-01-13 12:00:00","20"
"2","CARD","2","1","2023-01-13 12:00:00","20"
"3","CARD","3","1","2023-01-13 12:00:00","20"
"4","CARD","4","1","2023-01-13 12:00:00","20"
"5","CARD","5","1","2023-01-13 12:00:00","20"
"6","CARD","6","1","2023-01-13 12:00:00","20"
"7","CARD","7","1","2023-01-13 12:00:00","20"
"8","CARD","8","1","2023-01-13 12:00:00","20"
"9","CARD","9","1","2023-01-13 12:00:00","20"
"10","CARD","10","1","2023-01-13 12:00:00","20"
"11","CARD","11","1","2023-01-13 12:00:00","20"
"12","CARD","12","1","2023-01-13 12:00:00","20"
"13","CARD","13","1","2023-01-13 12:00:00","20"
"14","CARD","14","1","2023-01-13 12:00:00","20"
"15","CARD","15","1","2023-01-13 12:00:00","20"
"16","CARD","16","1","2023-01-13 12:00:00","20"
"17","CARD","17","1","2023-01-13 12:00:00","20"
"18","CARD","18","1","2023-01-13 12:00:00","20"
"19","CARD","19","1","2023-01-13 12:00:00","20"
"20","CARD","20","1","2023-01-13 12:00:00","20"
"21","CARD","21","1","2023-01-13 12:00:00","20"
"22","CARD","22","1","2023-01-13 12:00:00","20"
"23","CARD","23","1","2023-01-13 12:00:00","20"
"24","CARD","24","1","2023-01-13 12:00:00","20"
"25","CARD","25","1","2023-01-13 12:00:00","20"
"26","CARD","26","1","2023-01-13 12:00:00","20"
"27","CARD","27","1","2023-01-13 12:00:00","20"
"28","CARD","28","1","2023-01-13 12:00:00","20"
"29","CARD","29","1","2023-01-13 12:00:00","20"
"30","CARD","30","1","2023-01-13 12:00:00","20"
"31","CARD","31","1","2023-01-13 12:00:00","20"
"32","CARD","32","1","2023-01-13 12:00:00","20"
"33","CARD","33","1","2023-01-13 12:00:00","20"
"34","CARD","34","1","2023-01-13 12:00:00","20"
"35","CARD","35","1","2023-01-13 12:00:00","20"
"36","CARD","36","1","2023-01-13 12:00:00","20"
"37","CARD","37","1","2023-01-13 12:00:00","20"
"38","CARD","38","1","2023-01-13 12:00:00","20"
"39","CARD","39","1","2023-01-13 12:00:00","20"
"40","CARD","40","1","2023-01-13 12:00:00","20"
"41","CARD","41","1","2023-01-13 12:00:00","20"
"42","CARD","42","1","2023-01-13 12:00:00","20"
"43","CARD","43","1","2023-01-13 12:00:00","20"
"44","CARD","44","1","2023-01-13 12:00:00","20"
"45","CARD","45","1","2023-01-13 12:00:00","20"
"46","CARD","46","1","2023-01-13 12:00:00","20"
"47","CARD","47","1","2023-01-13 12:00:00","20"
"48","CARD","48","1","2023-01-13 12:00:00","20"
"49","CARD","49","1","2023-01-13 12:00:00","20"
"50","CARD","50","1","2023-01-13 12:00:00","20"
"51","CARD","51","1","2023-01-13 12:00:00","20"
"52","CARD","52","1","2023-01-13 12:00:00","20"
"53","CARD","53","1","2023-01-13 12:00:00","20"
"54","CARD","54","1","2023-01-13 12:00:00","20"
"55","CARD","55","1","2023-01-13 12:00:00","20"
"56","CARD","56","1","2023-01-13 12:00:00","20"
"57","CARD","57","1","2023-01-13 12:00:00","20"
"58","CARD","58","1","2023-01-13 12:00:00","20"
"59","CARD","59","1","2023-01-13 12:00:00","20"
"60","CARD","60","1","2023-01-13 12:00:00","20"
"61","CARD","61","1","2023-01-13 12:00:00","20"
"62","CARD","62","1","2023-01-13 12:00:00","20"
"63","CARD","63","1","2023-01-13 12:00:00","20"
"64","CARD","64","1","2023-01-13 12:00:00","20"
"65","CARD","65","1","2023-01-13 12:00:00","20"
"66","CARD","66","1","2023-01-13 12:00:00","20"
"67","CARD","67","1","2023-01-13 12:00:00","20"
"68","CARD","68","1","2023-01-13 12:00:00","20"
"69","CARD","69","1","2023-01-13 12:00:00","20"
"70","CARD","70","1","2023-01-13 12:00:00","20"
"71","CARD","71","1","2023-01-13 12:00:00","20"
"72","CARD","72","1","2023-01-13 12:00:00","20"
"73","CARD","73","1","2023-01-13 12:00:00","20"
"74","CARD","74","1","2023-01-13 12:00:00","20"
"75","CARD","75","1","2023-01-13 12:00:00","20"
"76","CARD","76","1","2023-01-13 12:00:00","20"
"77","CARD","77","1","2023-01-13 12:00:00","20"
"78","CARD","78","1","2023-01-13 12:00:00","20"
"79","CARD","79","1","2023-01-13 12:00:00","20"
"80","CARD","80","1","2023-01-13 12:00:00","20"
"81","CARD","81","1","2023-01-13 12:00:00","20"
"82","CARD","82","1","2023-01-13 12:00:00","20"
"83","CARD","83","1","2023-01-13 12:00:00","20"
"84","CARD","84","1","2023-01-13 12:00:00","20"
"85","CARD","85","1","2023-01-13 12:00:00","20"
"86","CARD","86","1","2023-01-13 12:00:00","20"
"87","CARD","87","1","2023-01-13 12:00:00","20"
"88","CARD","88","1","2023-01-13 12:00:00","20"
"89","CARD","89","1","2023-01-13 12:00:00","20"
"90","CARD","90","1","2023-01-13 12:00:00","20"
"91","CARD","91","1","2023-01-13 12:00:00","20"
"92","CARD","92","1","2023-01-13 12:00:00","20"
"93","CARD","93","1","2023-01-13 12:00:00","20"
"94","CARD","94","1","2023-01-13 12:00:00","20"
"95","CARD","95","1","2023-01-13 12:00:00","20"
"96","CARD","96","1","2023-01-13 12:00:00","20"
"97","CARD","97","1","2023-01-13 12:00:00","20"
"98","CARD","98","1","2023-01-13 12:00:00","20"
"99","CARD","99","1","2023-01-13 12:00:00","20"
"100","CARD","100","1","2023-01-13 12:00:00","20"
"101","CARD","101","1","2023-01-13 12:00:00","20"
"102","CARD","102","1","2023-01-13 12:00:00","20"
"103","CARD","103","1","2023-01-13 12:00:00","20"
"104","CARD","104","1","2023-01-13 12:00:00","20"
"105","CARD","105","1","2023-01-13 12:00:00","20"
"106","CARD","106","1","2023-01-13 12:00:00","20"
"107","CARD","107","1","2023-01-13 12:00:00","20"
"108","CARD","108","1","2023-01-13 12:00:00","20"
"109","CARD","109","1","2023-01-13 12:00:00","20"
"110","CARD","110","1","2023-01-13 12:00:00","20"
"111","CARD","111","1","2023-01-13 12:00:00","20"
"112","CARD","112","1","2023-01-13 12:00:00","20"
"113","CARD","113","1","2023-01-13 12:00:00","20"
"114","CARD","114","1","2023-01-13 12:00:00","20"
"115","CARD","115","1","2023-01-13 12:00:00","20"
"116","CARD","116","1","2023-01-13 12:00:00","20"
"117","CARD","117","1","2023-01-13 12:00:00","20"
"118","CARD","118","1","2023-01-13 12:00:00","20"
"119","CARD","119","1","2023-01-13 12:00:00","20"
"120","CARD","120","1","2023-01-13 12:00:00","20"
"121","CARD","121","1","2023-01-13 12:00:00","20"
"122","CARD","122","1","2023-01-13 12:00:00","20"
"123","CARD","123","1","2023-01-13 12:00:00","20"
"124","CARD","124","1","2023-01-13 12:00:00","20"
"125","CARD","125","1","2023-01-13 12:00:00","20"
"126","CARD","126","1","2023-01-13 12:00:00","20"
"127","CARD","127","1","2023-01-13 12:00:00","20"
"128","CARD","128","1","2023-01-13 12:00:00","20"
"129","CARD","129","1","2023-01-13 12:00:00","20"
"130","CARD","130","1","2023-01-13 12:00:00","20"
"131","CARD","131","1","2023-01-13 12:00:00","20"
"132","CARD","132","1","2023-01-13 12:00:00","20"
"133","CARD","133","1","2023-01-13 12:00:00","20"
"134","CARD","134","1","2023-01-13 12:00:00","20"
"135","CARD","135","1","2023-01-13 12:00:00","20"
"136","CARD","136","1","2023-01-13 12:00:00","20"
"137","CARD","137","1","2023-01-13 12:00:00","20"
"138","CARD","138","1","2023-01-13 12:00:00","20"
"139","CARD","139","1","2023-01-13 12:00:00","20"
"140","CARD","140","1","2023-01-13 12:00:00","20"
"141","CARD","141","1","2023-01-13 12:00:00","20"
"142","CARD","142","1","2023-01-13 12:00:00","20"
"143","CARD","143","1","2023-01-13 12:00:00","20"
"144","CARD","144","1","2023-01-13 12:00:00","20"
"145","CARD","145","1","2023-01-13 12:00:00","20"
"146","CARD","146","1","2023-01-13 12:00:00","20"
"147","CARD","147","1","2023-01-13 12:00:00","20"
"148","CARD","148","1","2023-01-13 12:00:00","20"
"149","CARD","149","1","2023-01-13 12:00:00","20"
"150","CARD","150","1","2023-01-13 12:00:00","20"
"151","CARD","151","1","2023-01-13 12:00:00","20"
"152","CARD","152","1","2023-01-13 12:00:00","20"
"153","CARD","153","1","2023-01-13 12:00:00","20"
"154","CARD","154","1","2023-01-13 12:00:00","20"
"155","CARD","155","1","2023-01-13 12:00:00","20"
"156","CARD","156","1","2023-01-13 12:00:00","20"
"157","CARD","157","1","2023-01-13 12:00:00","20"
"158","CARD","158","1","2023-01-13 12:00:00","20"
"159","CARD","159","1","2023-01-13 12:00:00","20"
"160","CARD","160","1","2023-01-13 12:00:00","20"
"161","CARD","161","1","2023-01-13 12:00:00","20"
"162","CARD","162","1","2023-01-13 12:00:00","20"
"163","CARD","163","1","2023-01-13 12:00:00","20"
"164","CARD","164","1","2023-01-13 12:00:00","20"
"165","CARD","165","1","2023-01-13 12:00:00","20"
"166","CARD","166","1","2023-01-13 12:00:00","20"
"167","CARD","167","1","2023-01-13 12:00:00","20"
"168","CARD","168","1","2023-01-13 12:00:00","20"
"169","CARD","169","1","2023-01-13 12:00:00","20"
"170","CARD","170","1","2023-01-13 12:00:00","20"
"171","CARD","171","1","2023-01-13 12:00:00","20"
"172","CARD","172","1","2023-01-13 12:00:00","20"
"173","CARD","173","1","2023-01-13 12:00:00","20"
"174","CARD","174","1","2023-01-13 12:00:00","20"
"175","CARD","175","1","2023-01-13 12:00:00","20"
"176","CARD","176","1","2023-01-13 12:00:00","20"
"177","CARD","177","1","2023-01-13 12:00:00","20"
"178","CARD","178","1","2023-01-13 12:00:00","20"
"179","CARD","179","1","2023-01-13 12:00:00","20"
"180","CARD","180","1","2023-01-13 12:00:00","20"
"181","CARD","181","1","2023-01-13 12:00:00","20"
"182","CARD","182","1","2023-01-13 12:00:00","20"
"183","CARD","183","1","2023-01-13 12:00:00","20"
"184","CARD","184","1","2023-01-13 12:00:00","20"
"185","CARD","185","1","2023-01-13 12:00:00","20"
"186","CARD","186","1","2023-01-13 12:00:00","20"
"187","CARD","187","1","2023-01-13 12:00:00","20"
"188","CARD","188","1","2023-01-13 12:00:00","20"
"189","CARD","189","1","2023-01-13 12:00:00","20"
"190","CARD","190","1","2023-01-13 12:00:00","20"
"191","CARD","191","1","2023-01-13 12:00:00","20"
"192","CARD","192","1","2023-01-13 12:00:00","20"
"193","CARD","193","1","2023-01-13 12:00:00","20"
"194","CARD","194","1","2023-01-13 12:00:00","20"
"195","CARD","195","1","2023-01-13 12:00:00","20"
"196","CARD","196","1","2023-01-13 12:00:00","20"
"197","CARD","197","1","2023-01-13 12:00:00","20"
"198","CARD","198","1","2023-01-13 12:00:00","20"
"199","CARD","199","1","2023-01-13 12:00:00","20"
"200","CARD","200","1","2023-01-13 12:00:00","20"
"201","CARD","201","1","2023-01-13 12:00:00","20"
"202","CARD","202","1","2023-01-13 12:00:00","20"
"203","CARD","203","1","2023-01-13 12:00:00","20"
"204","CARD","204","1","2023-01-13 12:00:00","20"
"205","CARD","205","1","2023-01-13 12:00:00","20"
"206","CARD","206","1","2023-01-13 12:00:00","20"
"207","CARD","207","1","2023-01-13 12:00:00","20"
"208","CARD","208","1","2023-01-13 12:00:00","20"
"209","CARD","209","1","2023-01-13 12:00:00","20"
"210","CARD","210","1","2023-01-13 12:00:00","20"
"211","CARD","211","1","2023-01-13 12:00:00","20"
"212","CARD","212","1","2023-01-13 12:00:00","20"
"213","CARD","213","1","2023-01-13 12:00:00","20"
"214","CARD","214","1","2023-01-13 12:00:00","20"
"215","CARD","215","1","2023-01-13 12:00:00","20"
"216","CARD","216","1","2023-01-13 12:00:00","20"
"217","CARD","217","1","2023-01-13 12:00:00","20"
"218","CARD","218","1","2023-01-13 12:00:00","20"
"219","CARD","219","1","2023-01-13 12:00:00","20"
"220","CARD","220","1","2023-01-13 12:00:00","20"
"221","CARD","221","1","2023-01-13 12:00:00","20"
"222","CARD","222","1","2023-01-13 12:00:00","20"
"223","CARD","223","1","2023-01-13 12:00:00","20"
"224","CARD","224","1","2023-01-13 12:00:00","20"
"225","CARD","225","1","2023-01-13 12:00:00","20"
"226","CARD","226","1","2023-01-13 12:00:00","20"
"227","CARD","227","1","2023-01-13 12:00:00","20"
"228","CARD","228","1","2023-01-13 12:00:00","20"
"229","CARD","229","1","2023-01-13 12:00:00","20"
"230","CARD","230","1","2023-01-13 12:00:00","20"
"231","CARD","231","1","2023-01-13 12:00:00","20"
"232","CARD","232","1","2023-01-13 12:00:00","20"
"233","CARD","233","1","2023-01-13 12:00:00","20"
"234","CARD","234","1","2023-01-13 12:00:00","20"
"235","CARD","235","1","2023-01-13 12:00:00","20"
"236","CARD","236","1","2023-01-13 12:00:00","20"
"237","CARD","237","1","2023-01-13 12:00:00","20"
"238","CARD","238","1","2023-01-13 12:00:00","20"
"239","CARD","239","1","2023-01-13 12:00:00","20"
"240","CARD","240","1","2023-01-13 12:00:00","20"
"241","CARD","241","1","2023-01-13 12:00:00","20"
"242","CARD","242","1","2023-01-13 12:00:00","20"
"243","CARD","243","1","2023-01-13 12:00:00","20"
"244","CARD","244","1","2023-01-13 12:00:00","20"
"245","CARD","245","1","2023-01-13 12:00:00","20"
"246","CARD","246","1","2023-01-13 12:00:00","20"
"247","CARD","247","1","2023-01-13 12:00:00","20"
"248","CARD","248","1","2023-01-13 12:00:00","20"
"249","CARD","249","1","2023-01-13 12:00:00","20"
"250","CARD","250","1","2023-01-13 12:00:00","20"
"251","CARD","251","1","2023-01-13 12:00:00","20"
"252","CARD","252","1","2023-01-13 12:00:00","20"
"253","CARD","253","1","2023-01-13 12:00:00","20"
"254","CARD","254","1","2023-01-13 12:00:00","20"
"255","CARD","255","1","2023-01-13 12:00:00","20"
"256","CARD","256","1","2023-01-13 12:00:00","20"
"257","CARD","257","1","2023-01-13 12:00:00","20"
"258","CARD","258","1","2023-01-13 12:00:00","20"
"259","CARD","259","1","2023-01-13 12:00:00","20"
"260","CARD","260","1","2023-01-13 12:00:00","20"
"261","CARD","261","1","2023-01-13 12:00:00","20"
"262","CARD","262","1","2023-01-13 12:00:00","20"
"263","CARD","263","1","2023-01-13 12:00:00","20"
"264","CARD","264","1","2023-01-13 12:00:00","20"
"265","CARD","265","1","2023-01-13 12:00:00","20"
"266","CARD","266","1","2023-01-13 12:00:00","20"
"267","CARD","267","1","2023-01-13 12:00:00","20"
"268","CARD","268","1","2023-01-13 12:00:00","20"
"269","CARD","269","1","2023-01-13 12:00:00","20"
"270","CARD","270","1","2023-01-13 12:00:00","20"
"271","CARD","271","1","2023-01-13 12:00:00","20"
"272","CARD","272","1","2023-01-13 12:00:00","20"
"273","CARD","273","1","2023-01-13 12:00:00","20"
"274","CARD","274","1","2023-01-13 12:00:00","20"
"275","CARD","275","1","2023-01-13 12:00:00","20"
"276","CARD","276","1","2023-01-13 12:00:00","20"
"277","CARD","277","1","2023-01-13 12:00:00","20"
"278","CARD","278","1","2023-01-13 12:00:00","20"
"279","CARD","279","1","2023-01-13 12:00:00","20"
"280","CARD","280","1","2023-01-13 12:00:00","20"
"281","CARD","281","1","2023-01-13 12:00:00","20"
"282","CARD","282","1","2023-01-13 12:00:00","20"
"283","CARD","283","1","2023-01-13 12:00:00","20"
"284","CARD","284","1","2023-01-13 12:00:00","20"
"285","CARD","285","1","2023-01-13 12:00:00","20"
"286","CARD","286","1","2023-01-13 12:00:00","20"
"287","CARD","287","1","2023-01-13 12:00:00","20"
"288","CARD","288","1","2023-01-13 12:00:00","20"
"289","CARD","289","1","2023-01-13 12:00:00","20"
"290","CARD","290","1","2023-01-13 12:00:00","20"
"291","CARD","291","1","2023-01-13 12:00:00","20"
"292","CARD","292","1","2023-01-13 12:00:00","20"
"293","CARD","293","1","2023-01-13 12:00:00","20"
"294","CARD","294","1","2023-01-13 12:00:00","20"
"295","CARD","295","1","2023-01-13 12:00:00","20"
"296","CARD","296","1","2023-01-13 12:00:00","20"
"297","CARD","297","1","2023-01-13 12:00:00","20"
"298","CARD","298","1","2023-01-13 12:00:00","20"
"299","CARD","299","1","2023-01-13 12:00:00","20"
"300","CARD","300","1","2023-01-13 12:00:00","20"
"301","CARD","301","1","2023-01-13 12:00:00","20"
"302","CARD","302","1","2023-01-13 12:00:00","20"
"303","CARD","303","1","2023-01-13 12:00:00","20"
"304","CARD","304","1","2023-01-13 12:00:00","20"
"305","CARD","305","1","2023-01-13 12:00:00","20"
"306","CARD","306","1","2023-01-13 12:00:00","20"
"307","CARD","307","1","2023-01-13 12:00:00","20"
"308","CARD","308","1","2023-01-13 12:00:00","20"
"309","CARD","309","1","2023-01-13 12:00:00","20"
"310","CARD","310","1","2023-01-13 12:00:00","20"
"311","CARD","311","1","2023-01-13 12:00:00","20"
"312","CARD","312","1","2023-01-13 12:00:00","20"
"313","CARD","313","1","2023-01-13 12:00:00","20"
"314","CARD","314","1","2023-01-13 12:00:00","20"
"315","CARD","315","1","2023-01-13 12:00:00","20"
"316","CARD","316","1","2023-01-13 12:00:00","20"
"317","CARD","317","1","2023-01-13 12:00:00","20"
"318","CARD","318","1","2023-01-13 12:00:00","20"
"319","CARD","319","1","2023-01-13 12:00:00","20"
"320","CARD","320","1","2023-01-13 12:00:00","20"
"321","CARD","321","1","2023-01-13 12:00:00","20"
"322","CARD","322","1","2023-01-13 12:00:00","20"
"323","CARD","323","1","2023-01-13 12:00:00","20"
"324","CARD","324","1","2023-01-13 12:00:00","20"
"325","CARD","325","1","2023-01-13 12:00:00","20"
"326","CARD","326","1","2023-01-13 12:00:00","20"
"327","CARD","327","1","2023-01-13 12:00:00","20"
"328","CARD","328","1","2023-01-13 12:00:00","20"
"329","CARD","329","1","2023-01-13 12:00:00","20"
"330","CARD","330","1","2023-01-13 12:00:00","20"
"331","CARD","331","1","2023-01-13 12:00:00","20"
"332","CARD","332","1","2023-01-13 12:00:00","20"
"333","CARD","333","1","2023-01-13 12:00:00","20"
"334","CARD","334","1","2023-01-13 12:00:00","20"
"335","CARD","335","1","2023-01-13 12:00:00","20"
"336","CARD","336","1","2023-01-13 12:00:00","20"
"337","CARD","337","1","2023-01-13 12:00:00","20"
"338","CARD","338","1","2023-01-13 12:00:00","20"
"339","CARD","339","1","2023-01-13 12:00:00","20"
"340","CARD","340","1","2023-01-13 12:00:00","20"
"341","CARD","341","1","2023-01-13 12:00:00","20"
"342","CARD","342","1","2023-01-13 12:00:00","20"
"343","CARD","343","1","2023-01-13 12:00:00","20"
"344","CARD","344","1","2023-01-13 12:00:00","20"
"345","CARD","345","1","2023-01-13 12:00:00","20"
"346","CARD","346","1","2023-01-13 12:00:00","20"
"347","CARD","347","1","2023-01-13 12:00:00","20"
"348","CARD","348","1","2023-01-13 12:00:00","20"
"349","CARD","349","1","2023-01-13 12:00:00","20"
"350","CARD","350","1","2023-01-13 12:00:00","20"
"351","CARD","351","1","2023-01-13 12:00:00","20"
"352","CARD","352","1","2023-01-13 12:00:00","20"
"353","CARD","353","1","2023-01-13 12:00:00","20"
"354","CARD","354","1","2023-01-13 12:00:00","20"
"355","CARD","355","1","2023-01-13 12:00:00","20"
"356","CARD","356","1","2023-01-13 12:00:00","20"
"357","CARD","357","1","2023-01-13 12:00:00","20"
"358","CARD","358","1","2023-01-13 12:00:00","20"
"359","CARD","359","1","2023-01-13 12:00:00","20"
"360","CARD","360","1","2023-01-13 12:00:00","20"
"361","CARD","361","1","2023-01-13 12:00:00","20"
"362","CARD","362","1","2023-01-13 12:00:00","20"
"363","CARD","363","1","2023-01-13 12:00:00","20"
"364","CARD","364","1","2023-01-13 12:00:00","20"
"365","CARD","365","1","2023-01-13 12:00:00","20"
"366","CARD","366","1","2023-01-13 12:00:00","20"
"367","CARD","367","1","2023-01-13 12:00:00","20"
"368","CARD","368","1","2023-01-13 12:00:00","20"
"369","CARD","369","1","2023-01-13 12:00:00","20"
"370","CARD","370","1","2023-01-13 12:00:00","20"
"371","CARD","371","1","2023-01-13 12:00:00","20"
"372","CARD","372","1","2023-01-13 12:00:00","20"
"373","CARD","373","1","2023-01-13 12:00:00","20"
"374","CARD","374","1","2023-01-13 12:00:00","20"
"375","CARD","375","1","2023-01-13 12:00:00","20"
"376","CARD","376","1","2023-01-13 12:00:00","20"
"377","CARD","377","1","2023-01-13 12:00:00","20"
"378","CARD","378","1","2023-01-13 12:00:00","20"
"379","CARD","379","1","2023-01-13 12:00:00","20"
"380","CARD","380","1","2023-01-13 12:00:00","20"
"381","CARD","381","1","2023-01-13 12:00:00","20"
"382","CARD","382","1","2023-01-13 12:00:00","20"
"383","CARD","383","1","2023-01-13 12:00:00","20"
"384","CARD","384","1","2023-01-13 12:00:00","20"
"385","CARD","385","1","2023-01-13 12:00:00","20"
"386","CARD","386","1","2023-01-13 12:00:00","20"
"387","CARD","387","1","2023-01-13 12:00:00","20"
"388","CARD","388","1","2023-01-13 12:00:00","20"
"389","CARD","389","1","2023-01-13 12:00:00","20"
"390","CARD","390","1","2023-01-13 12:00:00","20"
"391","CARD","391","1","2023-01-13 12:00:00","20"
"392","CARD","392","1","2023-01-13 12:00:00","20"
"393","CARD","393","1","2023-01-13 12:00:00","20"
"394","CARD","394","1","2023-01-13 12:00:00","20"
"395","CARD","395","1","2023-01-13 12:00:00","20"
"396","CARD","396","1","2023-01-13 12:00:00","20"
"397","CARD","397","1","2023-01-13 12:00:00","20"
"398","CARD","398","1","2023-01-13 12:00:00","20"
"399","CARD","399","1","2023-01-13 12:00:00","20"
"400","CARD","400","1","2023-01-13 12:00:00","20"
"401","CARD","401","1","2023-01-13 12:00:00","20"
"402","CARD","402","1","2023-01-13 12:00:00","20"
"403","CARD","403","1","2023-01-13 12:00:00","20"
"404","CARD","404","1","2023-01-13 12:00:00","20"
"405","CARD","405","1","2023-01-13 12:00:00","20"
"406","CARD","406","1","2023-01-13 12:00:00","20"
"407","CARD","407","1","2023-01-13 12:00:00","20"
"408","CARD","408","1","2023-01-13 12:00:00","20"
"409","CARD","409","1","2023-01-13 12:00:00","20"
"410","CARD","410","1","2023-01-13 12:00:00","20"
"411","CARD","411","1","2023-01-13 12:00:00","20"
"412","CARD","412","1","2023-01-13 12:00:00","20"
"413","CARD","413","1","2023-01-13 12:00:00","20"
"414","CARD","414","1","2023-01-13 12:00:00","20"
"415","CARD","415","1","2023-01-13 12:00:00","20"
"416","CARD","416","1","2023-01-13 12:00:00","20"
"417","CARD","417","1","2023-01-13 12:00:00","20"
"418","CARD","418","1","2023-01-13 12:00:00","20"
"419","CARD","419","1","2023-01-13 12:00:00","20"
"420","CARD","420","1","2023-01-13 12:00:00","20"
"421","CARD","421","1","2023-01-13 12:00:00","20"
"422","CARD","422","1","2023-01-13 12:00:00","20"
"423","CARD","423","1","2023-01-13 12:00:00","20"
"424","CARD","424","1","2023-01-13 12:00:00","20"
"425","CARD","425","1","2023-01-13 12:00:00","20"
"426","CARD","426","1","2023-01-13 12:00:00","20"
"427","CARD","427","1","2023-01-13 12:00:00","20"
"428","CARD","428","1","2023-01-13 12:00:00","20"
"429","CARD","429","1","2023-01-13 12:00:00","20"
"430","CARD","430","1","2023-01-13 12:00:00","20"
"431","CARD","431","1","2023-01-13 12:00:00","20"
"432","CARD","432","1","2023-01-13 12:00:00","20"
"433","CARD","433","1","2023-01-13 12:00:00","20"
"434","CARD","434","1","2023-01-13 12:00:00","20"
"435","CARD","435","1","2023-01-13 12:00:00","20"
"436","CARD","436","1","2023-01-13 12:00:00","20"
"437","CARD","437","1","2023-01-13 12:00:00","20"
"438","CARD","438","1","2023-01-13 12:00:00","20"
"439","CARD","439","1","2023-01-13 12:00:00","20"
"440","CARD","440","1","2023-01-13 12:00:00","20"
"441","CARD","441","1","2023-01-13 12:00:00","20"
"442","CARD","442","1","2023-01-13 12:00:00","20"
"443","CARD","443","1","2023-01-13 12:00:00","20"
"444","CARD","444","1","2023-01-13 12:00:00","20"
"445","CARD","445","1","2023-01-13 12:00:00","20"
"446","CARD","446","1","2023-01-13 12:00:00","20"
"447","CARD","447","1","2023-01-13 12:00:00","20"
"448","CARD","448","1","2023-01-13 12:00:00","20"
"449","CARD","449","1","2023-01-13 12:00:00","20"
"450","CARD","450","1","2023-01-13 12:00:00","20"
"451","CARD","451","1","2023-01-13 12:00:00","20"
"452","CARD","452","1","2023-01-13 12:00:00","20"
"453","CARD","453","1","2023-01-13 12:00:00","20"
"454","CARD","454","1","2023-01-13 12:00:00","20"
"455","CARD","455","1","2023-01-13 12:00:00","20"
"456","CARD","456","1","2023-01-13 12:00:00","20"
"457","CARD","457","1","2023-01-13 12:00:00","20"
"458","CARD","458","1","2023-01-13 12:00:00","20"
"459","CARD","459","1","2023-01-13 12:00:00","20"
"460","CARD","460","1","2023-01-13 12:00:00","20"
"461","CARD","461","1","2023-01-13 12:00:00","20"
"462","CARD","462","1","2023-01-13 12:00:00","20"
"463","CARD","463","1","2023-01-13 12:00:00","20"
"464","CARD","464","1","2023-01-13 12:00:00","20"
"465","CARD","465","1","2023-01-13 12:00:00","20"
"466","CARD","466","1","2023-01-13 12:00:00","20"
"467","CARD","467","1","2023-01-13 12:00:00","20"
"468","CARD","468","1","2023-01-13 12:00:00","20"
"469","CARD","469","1","2023-01-13 12:00:00","20"
"470","CARD","470","1","2023-01-13 12:00:00","20"
"471","CARD","471","1","2023-01-13 12:00:00","20"
"472","CARD","472","1","2023-01-13 12:00:00","20"
"473","CARD","473","1","2023-01-13 12:00:00","20"
"474","CARD","474","1","2023-01-13 12:00:00","20"
"475","CARD","475","1","2023-01-13 12:00:00","20"
"476","CARD","476","1","2023-01-13 12:00:00","20"
"477","CARD","477","1","2023-01-13 12:00:00","20"
"478","CARD","478","1","2023-01-13 12:00:00","20"
"479","CARD","479","1","2023-01-13 12:00:00","20"
"480","CARD","480","1","2023-01-13 12:00:00","20"
"481","CARD","481","1","2023-01-13 12:00:00","20"
"482","CARD","482","1","2023-01-13 12:00:00","20"
"483","CARD","483","1","2023-01-13 12:00:00","20"
"484","CARD","484","1","2023-01-13 12:00:00","20"
"485","CARD","485","1","2023-01-13 12:00:00","20"
"486","CARD","486","1","2023-01-13 12:00:00","20"
"487","CARD","487","1","2023-01-13 12:00:00","20"
"488","CARD","488","1","2023-01-13 12:00:00","20"
"489","CARD","489","1","2023-01-13 12:00:00","20"
"490","CARD","490","1","2023-01-13 12:00:00","20"
"491","CARD","491","1","2023-01-13 12:00:00","20"
"492","CARD","492","1","2023-01-13 12:00:00","20"
"493","CARD","493","1","2023-01-13 12:00:00","20"
"494","CARD","494","1","2023-01-13 12:00:00","20"
"495","CARD","495","1","2023-01-13 12:00:00","20"
"496","CARD","496","1","2023-01-13 12:00:00","20"
"497","CARD","497","1","2023-01-13 12:00:00","20"
"498","CARD","498","1","2023-01-13 12:00:00","20"
"499","CARD","499","1","2023-01-13 12:00:00","20"
"500","CARD","500","1","2023-01-13 12:00:00","20"
"501","CARD","501","1","2023-01-13 12:00:00","20"
"502","CARD","502","1","2023-01-13 12:00:00","20"
"503","CARD","503","1","2023-01-13 12:00:00","20"
"504","CARD","504","1","2023-01-13 12:00:00","20"
"505","CARD","505","1","2023-01-13 12:00:00","20"
"506","CARD","506","1","2023-01-13 12:00:00","20"
"507","CARD","507","1","2023-01-13 12:00:00","20"
"508","CARD","508","1","2023-01-13 12:00:00","20"
"509","CARD","509","1","2023-01-13 12:00:00","20"
"510","CARD","510","1","2023-01-13 12:00:00","20"
"511","CARD","511","1","2023-01-13 12:00:00","20"
"512","CARD","512","1","2023-01-13 12:00:00","20"
"513","CARD","513","1","2023-01-13 12:00:00","20"
"514","CARD","514","1","2023-01-13 12:00:00","20"
"515","CARD","515","1","2023-01-13 12:00:00","20"
"516","CARD","516","1","2023-01-13 12:00:00","20"
"517","CARD","517","1","2023-01-13 12:00:00","20"
"518","CARD","518","1","2023-01-13 12:00:00","20"
"519","CARD","519","1","2023-01-13 12:00:00","20"
"520","CARD","520","1","2023-01-13 12:00:00","20"
"521","CARD","521","1","2023-01-13 12:00:00","20"
"522","CARD","522","1","2023-01-13 12:00:00","20"
"523","CARD","523","1","2023-01-13 12:00:00","20"
"524","CARD","524","1","2023-01-13 12:00:00","20"
"525","CARD","525","1","2023-01-13 12:00:00","20"
"526","CARD","526","1","2023-01-13 12:00:00","20"
"527","CARD","527","1","2023-01-13 12:00:00","20"
"528","CARD","528","1","2023-01-13 12:00:00","20"
"529","CARD","529","1","2023-01-13 12:00:00","20"
"530","CARD","530","1","2023-01-13 12:00:00","20"
"531","CARD","531","1","2023-01-13 12:00:00","20"
"532","CARD","532","1","2023-01-13 12:00:00","20"
"533","CARD","533","1","2023-01-13 12:00:00","20"
"534","CARD","534","1","2023-01-13 12:00:00","20"
"535","CARD","535","1","2023-01-13 12:00:00","20"
"536","CARD","536","1","2023-01-13 12:00:00","20"
"537","CARD","537","1","2023-01-13 12:00:00","20"
"538","CARD","538","1","2023-01-13 12:00:00","20"
"539","CARD","539","1","2023-01-13 12:00:00","20"
"540","CARD","540","1","2023-01-13 12:00:00","20"
"541","CARD","541","1","2023-01-13 12:00:00","20"
"542","CARD","542","1","2023-01-13 12:00:00","20"
"543","CARD","543","1","2023-01-13 12:00:00","20"
"544","CARD","544","1","2023-01-13 12:00:00","20"
"545","CARD","545","1","2023-01-13 12:00:00","20"
"546","CARD","546","1","2023-01-13 12:00:00","20"
"547","CARD","547","1","2023-01-13 12:00:00","20"
"548","CARD","548","1","2023-01-13 12:00:00","20"
"549","CARD","549","1","2023-01-13 12:00:00","20"
"550","CARD","550","1","2023-01-13 12:00:00","20"
"551","CARD","551","1","2023-01-13 12:00:00","20"
"552","CARD","552","1","2023-01-13 12:00:00","20"
"553","CARD","553","1","2023-01-13 12:00:00","20"
"554","CARD","554","1","2023-01-13 12:00:00","20"
"555","CARD","555","1","2023-01-13 12:00:00","20"
"556","CARD","556","1","2023-01-13 12:00:00","20"
"557","CARD","557","1","2023-01-13 12:00:00","20"
"558","CARD","558","1","2023-01-13 12:00:00","20"
"559","CARD","559","1","2023-01-13 12:00:00","20"
"560","CARD","560","1","2023-01-13 12:00:00","20"
"561","CARD","561","1","2023-01-13 12:00:00","20"
"562","CARD","562","1","2023-01-13 12:00:00","20"
"563","CARD","563","1","2023-01-13 12:00:00","20"
"564","CARD","564","1","2023-01-13 12:00:00","20"
"565","CARD","565","1","2023-01-13 12:00:00","20"
"566","CARD","566","1","2023-01-13 12:00:00","20"
"567","CARD","567","1","2023-01-13 12:00:00","20"
"568","CARD","568","1","2023-01-13 12:00:00","20"
"569","CARD","569","1","2023-01-13 12:00:00","20"
"570","CARD","570","1","2023-01-13 12:00:00","20"
"571","CARD","571","1","2023-01-13 12:00:00","20"
"572","CARD","572","1","2023-01-13 12:00:00","20"
"573","CARD","573","1","2023-01-13 12:00:00","20"
"574","CARD","574","1","2023-01-13 12:00:00","20"
"575","CARD","575","1","2023-01-13 12:00:00","20"
"576","CARD","576","1","2023-01-13 12:00:00","20"
"577","CARD","577","1","2023-01-13 12:00:00","20"
"578","CARD","578","1","2023-01-13 12:00:00","20"
"579","CARD","579","1","2023-01-13 12:00:00","20"
"580","CARD","580","1","2023-01-13 12:00:00","20"
"581","CARD","581","1","2023-01-13 12:00:00","20"
"582","CARD","582","1","2023-01-13 12:00:00","20"
"583","CARD","583","1","2023-01-13 12:00:00","20"
"584","CARD","584","1","2023-01-13 12:00:00","20"
"585","CARD","585","1","2023-01-13 12:00:00","20"
"586","CARD","586","1","2023-01-13 12:00:00","20"
"587","CARD","587","1","2023-01-13 12:00:00","20"
"588","CARD","588","1","2023-01-13 12:00:00","20"
"589","CARD","589","1","2023-01-13 12:00:00","20"
"590","CARD","590","1","2023-01-13 12:00:00","20"
"591","CARD","591","1","2023-01-13 12:00:00","20"
"592","CARD","592","1","2023-01-13 12:00:00","20"
"593","CARD","593","1","2023-01-13 12:00:00","20"
"594","CARD","594","1","2023-01-13 12:00:00","20"
"595","CARD","595","1","2023-01-13 12:00:00","20"
"596","CARD","596","1","2023-01-13 12:00:00","20"
"597","CARD","597","1","2023-01-13 12:00:00","20"
"598","CARD","598","1","2023-01-13 12:00:00","20"
"599","CARD","599","1","2023-01-13 12:00:00","20"
"600","CARD","600","1","2023-01-13 12:00:00","20"
"601","CARD","601","1","2023-01-13 12:00:00","20"
"602","CARD","602","1","2023-01-13 12:00:00","20"
"603","CARD","603","1","2023-01-13 12:00:00","20"
"604","CARD","604","1","2023-01-13 12:00:00","20"
"605","CARD","605","1","2023-01-13 12:00:00","20"
"606","CARD","606","1","2023-01-13 12:00:00","20"
"607","CARD","607","1","2023-01-13 12:00:00","20"
"608","CARD","608","1","2023-01-13 12:00:00","20"
"609","CARD","609","1","2023-01-13 12:00:00","20"
"610","CARD","610","1","2023-01-13 12:00:00","20"
"611","CARD","611","1","2023-01-13 12:00:00","20"
"612","CARD","612","1","2023-01-13 12:00:00","20"
"613","CARD","613","1","2023-01-13 12:00:00","20"
"614","CARD","614","1","2023-01-13 12:00:00","20"
"615","CARD","615","1","2023-01-13 12:00:00","20"
"616","CARD","616","1","2023-01-13 12:00:00","20"
"617","CARD","617","1","2023-01-13 12:00:00","20"
"618","CARD","618","1","2023-01-13 12:00:00","20"
"619","CARD","619","1","2023-01-13 12:00:00","20"
"620","CARD","620","1","2023-01-13 12:00:00","20"
"621","CARD","621","1","2023-01-13 12:00:00","20"
"622","CARD","622","1","2023-01-13 12:00:00","20"
"623","CARD","623","1","2023-01-13 12:00:00","20"
"624","CARD","624","1","2023-01-13 12:00:00","20"
"625","CARD","625","1","2023-01-13 12:00:00","20"
"626","CARD","626","1","2023-01-13 12:00:00","20"
"627","CARD","627","1","2023-01-13 12:00:00","20"
"628","CARD","628","1","2023-01-13 12:00:00","20"
"629","CARD","629","1","2023-01-13 12:00:00","20"
"630","CARD","630","1","2023-01-13 12:00:00","20"
"631","CARD","631","1","2023-01-13 12:00:00","20"
"632","CARD","632","1","2023-01-13 12:00:00","20"
"633","CARD","633","1","2023-01-13 12:00:00","20"
"634","CARD","634","1","2023-01-13 12:00:00","20"
"635","CARD","635","1","2023-01-13 12:00:00","20"
"636","CARD","636","1","2023-01-13 12:00:00","20"
"637","CARD","637","1","2023-01-13 12:00:00","20"
"638","CARD","638","1","2023-01-13 12:00:00","20"
"639","CARD","639","1","2023-01-13 12:00:00","20"
"640","CARD","640","1","2023-01-13 12:00:00","20"
"641","CARD","641","1","2023-01-13 12:00:00","20"
"642","CARD","642","1","2023-01-13 12:00:00","20"
"643","CARD","643","1","2023-01-13 12:00:00","20"
"644","CARD","644","1","2023-01-13 12:00:00","20"
"645","CARD","645","1","2023-01-13 12:00:00","20"
"646","CARD","646","1","2023-01-13 12:00:00","20"
"647","CARD","647","1","2023-01-13 12:00:00","20"
"648","CARD","648","1","2023-01-13 12:00:00","20"
"649","CARD","649","1","2023-01-13 12:00:00","20"
"650","CARD","650","1","2023-01-13 12:00:00","20"
"651","CARD","651","1","2023-01-13 12:00:00","20"
"652","CARD","652","1","2023-01-13 12:00:00","20"
"653","CARD","653","1","2023-01-13 12:00:00","20"
"654","CARD","654","1","2023-01-13 12:00:00","20"
"655","CARD","655","1","2023-01-13 12:00:00","20"
"656","CARD","656","1","2023-01-13 12:00:00","20"
"657","CARD","657","1","2023-01-13 12:00:00","20"
"658","CARD","658","1","2023-01-13 12:00:00","20"
"659","CARD","659","1","2023-01-13 12:00:00","20"
"660","CARD","660","1","2023-01-13 12:00:00","20"
"661","CARD","661","1","2023-01-13 12:00:00","20"
"662","CARD","662","1","2023-01-13 12:00:00","20"
"663","CARD","663","1","2023-01-13 12:00:00","20"
"664","CARD","664","1","2023-01-13 12:00:00","20"
"665","CARD","665","1","2023-01-13 12:00:00","20"
"666","CARD","666","1","2023-01-13 12:00:00","20"
"667","CARD","667","1","2023-01-13 12:00:00","20"
"668","CARD","668","1","2023-01-13 12:00:00","20"
"669","CARD","669","1","2023-01-13 12:00:00","20"
"670","CARD","670","1","2023-01-13 12:00:00","20"
"671","CARD","671","1","2023-01-13 12:00:00","20"
"672","CARD","672","1","2023-01-13 12:00:00","20"
"673","CARD","673","1","2023-01-13 12:00:00","20"
"674","CARD","674","1","2023-01-13 12:00:00","20"
"675","CARD","675","1","2023-01-13 12:00:00","20"
"676","CARD","676","1","2023-01-13 12:00:00","20"
"677","CARD","677","1","2023-01-13 12:00:00","20"
"678","CARD","678","1","2023-01-13 12:00:00","20"
"679","CARD","679","1","2023-01-13 12:00:00","20"
"680","CARD","680","1","2023-01-13 12:00:00","20"
"681","CARD","681","1","2023-01-13 12:00:00","20"
"682","CARD","682","1","2023-01-13 12:00:00","20"
"683","CARD","683","1","2023-01-13 12:00:00","20"
"684","CARD","684","1","2023-01-13 12:00:00","20"
"685","CARD","685","1","2023-01-13 12:00:00","20"
"686","CARD","686","1","2023-01-13 12:00:00","20"
"687","CARD","687","1","2023-01-13 12:00:00","20"
"688","CARD","688","1","2023-01-13 12:00:00","20"
"689","CARD","689","1","2023-01-13 12:00:00","20"
"690","CARD","690","1","2023-01-13 12:00:00","20"
"691","CARD","691","1","2023-01-13 12:00:00","20"
"692","CARD","692","1","2023-01-13 12:00:00","20"
"693","CARD","693","1","2023-01-13 12:00:00","20"
"694","CARD","694","1","2023-01-13 12:00:00","20"
"695","CARD","695","1","2023-01-13 12:00:00","20"
"696","CARD","696","1","2023-01-13 12:00:00","20"
"697","CARD","697","1","2023-01-13 12:00:00","20"
"698","CARD","698","1","2023-01-13 12:00:00","20"
"699","CARD","699","1","2023-01-13 12:00:00","20"
"700","CARD","700","1","2023-01-13 12:00:00","20"
"701","CARD","701","1","2023-01-13 12:00:00","20"
"702","CARD","702","1","2023-01-13 12:00:00","20"
"703","CARD","703","1","2023-01-13 12:00:00","20"
"704","CARD","704","1","2023-01-13 12:00:00","20"
"705","CARD","705","1","2023-01-13 12:00:00","20"
"706","CARD","706","1","2023-01-13 12:00:00","20"
"707","CARD","707","1","2023-01-13 12:00:00","20"
"708","CARD","708","1","2023-01-13 12:00:00","20"
"709","CARD","709","1","2023-01-13 12:00:00","20"
"710","CARD","710","1","2023-01-13 12:00:00","20"
"711","CARD","711","1","2023-01-13 12:00:00","20"
"712","CARD","712","1","2023-01-13 12:00:00","20"
"713","CARD","713","1","2023-01-13 12:00:00","20"
"714","CARD","714","1","2023-01-13 12:00:00","20"
"715","CARD","715","1","2023-01-13 12:00:00","20"
"716","CARD","716","1","2023-01-13 12:00:00","20"
"717","CARD","717","1","2023-01-13 12:00:00","20"
"718","CARD","718","1","2023-01-13 12:00:00","20"
"719","CARD","719","1","2023-01-13 12:00:00","20"
"720","CARD","720","1","2023-01-13 12:00:00","20"
"721","CARD","721","1","2023-01-13 12:00:00","20"
"722","CARD","722","1","2023-01-13 12:00:00","20"
"723","CARD","723","1","2023-01-13 12:00:00","20"
"724","CARD","724","1","2023-01-13 12:00:00","20"
"725","CARD","725","1","2023-01-13 12:00:00","20"
"726","CARD","726","1","2023-01-13 12:00:00","20"
"727","CARD","727","1","2023-01-13 12:00:00","20"
"728","CARD","728","1","2023-01-13 12:00:00","20"
"729","CARD","729","1","2023-01-13 12:00:00","20"
"730","CARD","730","1","2023-01-13 12:00:00","20"
"731","CARD","731","1","2023-01-13 12:00:00","20"
"732","CARD","732","1","2023-01-13 12:00:00","20"
"733","CARD","733","1","2023-01-13 12:00:00","20"
"734","CARD","734","1","2023-01-13 12:00:00","20"
"735","CARD","735","1","2023-01-13 12:00:00","20"
"736","CARD","736","1","2023-01-13 12:00:00","20"
"737","CARD","737","1","2023-01-13 12:00:00","20"
"738","CARD","738","1","2023-01-13 12:00:00","20"
"739","CARD","739","1","2023-01-13 12:00:00","20"
"740","CARD","740","1","2023-01-13 12:00:00","20"
"741","CARD","741","1","2023-01-13 12:00:00","20"
"742","CARD","742","1","2023-01-13 12:00:00","20"
"743","CARD","743","1","2023-01-13 12:00:00","20"
"744","CARD","744","1","2023-01-13 12:00:00","20"
"745","CARD","745","1","2023-01-13 12:00:00","20"
"746","CARD","746","1","2023-01-13 12:00:00","20"
"747","CARD","747","1","2023-01-13 12:00:00","20"
"748","CARD","748","1","2023-01-13 12:00:00","20"
"749","CARD","749","1","2023-01-13 12:00:00","20"
"750","CARD","750","1","2023-01-13 12:00:00","20"
"751","CARD","751","1","2023-01-13 12:00:00","20"
"752","CARD","752","1","2023-01-13 12:00:00","20"
"753","CARD","753","1","2023-01-13 12:00:00","20"
"754","CARD","754","1","2023-01-13 12:00:00","20"
"755","CARD","755","1","2023-01-13 12:00:00","20"
"756","CARD","756","1","2023-01-13 12:00:00","20"
"757","CARD","757","1","2023-01-13 12:00:00","20"
"758","CARD","758","1","2023-01-13 12:00:00","20"
"759","CARD","759","1","2023-01-13 12:00:00","20"
"760","CARD","760","1","2023-01-13 12:00:00","20"
"761","CARD","761","1","2023-01-13 12:00:00","20"
"762","CARD","762","1","2023-01-13 12:00:00","20"
"763","CARD","763","1","2023-01-13 12:00:00","20"
"764","CARD","764","1","2023-01-13 12:00:00","20"
"765","CARD","765","1","2023-01-13 12:00:00","20"
"766","CARD","766","1","2023-01-13 12:00:00","20"
"767","CARD","767","1","2023-01-13 12:00:00","20"
"768","CARD","768","1","2023-01-13 12:00:00","20"
"769","CARD","769","1","2023-01-13 12:00:00","20"
"770","CARD","770","1","2023-01-13 12:00:00","20"
"771","CARD","771","1","2023-01-13 12:00:00","20"
"772","CARD","772","1","2023-01-13 12:00:00","20"
"773","CARD","773","1","2023-01-13 12:00:00","20"
"774","CARD","774","1","2023-01-13 12:00:00","20"
"775","CARD","775","1","2023-01-13 12:00:00","20"
"776","CARD","776","1","2023-01-13 12:00:00","20"
"777","CARD","777","1","2023-01-13 12:00:00","20"
"778","CARD","778","1","2023-01-13 12:00:00","20"
"779","CARD","779","1","2023-01-13 12:00:00","20"
"780","CARD","780","1","2023-01-13 12:00:00","20"
"781","CARD","781","1","2023-01-13 12:00:00","20"
"782","CARD","782","1","2023-01-13 12:00:00","20"
"783","CARD","783","1","2023-01-13 12:00:00","20"
"784","CARD","784","1","2023-01-13 12:00:00","20"
"785","CARD","785","1","2023-01-13 12:00:00","20"
"786","CARD","786","1","2023-01-13 12:00:00","20"
"787","CARD","787","1","2023-01-13 12:00:00","20"
"788","CARD","788","1","2023-01-13 12:00:00","20"
"789","CARD","789","1","2023-01-13 12:00:00","20"
"790","CARD","790","1","2023-01-13 12:00:00","20"
"791","CARD","791","1","2023-01-13 12:00:00","20"
"792","CARD","792","1","2023-01-13 12:00:00","20"
"793","CARD","793","1","2023-01-13 12:00:00","20"
"794","CARD","794","1","2023-01-13 12:00:00","20"
"795","CARD","795","1","2023-01-13 12:00:00","20"
"796","CARD","796","1","2023-01-13 12:00:00","20"
"797","CARD","797","1","2023-01-13 12:00:00","20"
"798","CARD","798","1","2023-01-13 12:00:00","20"
"799","CARD","799","1","2023-01-13 12:00:00","20"
"800","CARD","800","1","2023-01-13 12:00:00","20"
"801","CARD","801","1","2023-01-13 12:00:00","20"
"802","CARD","802","1","2023-01-13 12:00:00","20"
"803","CARD","803","1","2023-01-13 12:00:00","20"
"804","CARD","804","1","2023-01-13 12:00:00","20"
"805","CARD","805","1","2023-01-13 12:00:00","20"
"806","CARD","806","1","2023-01-13 12:00:00","20"
"807","CARD","807","1","2023-01-13 12:00:00","20"
"808","CARD","808","1","2023-01-13 12:00:00","20"
"809","CARD","809","1","2023-01-13 12:00:00","20"
"810","CARD","810","1","2023-01-13 12:00:00","20"
"811","CARD","811","1","2023-01-13 12:00:00","20"
"812","CARD","812","1","2023-01-13 12:00:00","20"
"813","CARD","813","1","2023-01-13 12:00:00","20"
"814","CARD","814","1","2023-01-13 12:00:00","20"
"815","CARD","815","1","2023-01-13 12:00:00","20"
"816","CARD","816","1","2023-01-13 12:00:00","20"
"817","CARD","817","1","2023-01-13 12:00:00","20"
"818","CARD","818","1","2023-01-13 12:00:00","20"
"819","CARD","819","1","2023-01-13 12:00:00","20"
"820","CARD","820","1","2023-01-13 12:00:00","20"
"821","CARD","821","1","2023-01-13 12:00:00","20"
"822","CARD","822","1","2023-01-13 12:00:00","20"
"823","CARD","823","1","2023-01-13 12:00:00","20"
"824","CARD","824","1","2023-01-13 12:00:00","20"
"825","CARD","825","1","2023-01-13 12:00:00","20"
"826","CARD","826","1","2023-01-13 12:00:00","20"
"827","CARD","827","1","2023-01-13 12:00:00","20"
"828","CARD","828","1","2023-01-13 12:00:00","20"
"829","CARD","829","1","2023-01-13 12:00:00","20"
"830","CARD","830","1","2023-01-13 12:00:00","20"
"831","CARD","831","1","2023-01-13 12:00:00","20"
"832","CARD","832","1","2023-01-13 12:00:00","20"
"833","CARD","833","1","2023-01-13 12:00:00","20"
"834","CARD","834","1","2023-01-13 12:00:00","20"
"835","CARD","835","1","2023-01-13 12:00:00","20"
"836","CARD","836","1","2023-01-13 12:00:00","20"
"837","CARD","837","1","2023-01-13 12:00:00","20"
"838","CARD","838","1","2023-01-13 12:00:00","20"
"839","CARD","839","1","2023-01-13 12:00:00","20"
"840","CARD","840","1","2023-01-13 12:00:00","20"
"841","CARD","841","1","2023-01-13 12:00:00","20"
"842","CARD","842","1","2023-01-13 12:00:00","20"
"843","CARD","843","1","2023-01-13 12:00:00","20"
"844","CARD","844","1","2023-01-13 12:00:00","20"
"845","CARD","845","1","2023-01-13 12:00:00","20"
"846","CARD","846","1","2023-01-13 12:00:00","20"
"847","CARD","847","1","2023-01-13 12:00:00","20"
"848","CARD","848","1","2023-01-13 12:00:00","20"
"849","CARD","849","1","2023-01-13 12:00:00","20"
"850","CARD","850","1","2023-01-13 12:00:00","20"
"851","CARD","851","1","2023-01-13 12:00:00","20"
"852","CARD","852","1","2023-01-13 12:00:00","20"
"853","CARD","853","1","2023-01-13 12:00:00","20"
"854","CARD","854","1","2023-01-13 12:00:00","20"
"855","CARD","855","1","2023-01-13 12:00:00","20"
"856","CARD","856","1","2023-01-13 12:00:00","20"
"857","CARD","857","1","2023-01-13 12:00:00","20"
"858","CARD","858","1","2023-01-13 12:00:00","20"
"859","CARD","859","1","2023-01-13 12:00:00","20"
"860","CARD","860","1","2023-01-13 12:00:00","20"
"861","CARD","861","1","2023-01-13 12:00:00","20"
"862","CARD","862","1","2023-01-13 12:00:00","20"
"863","CARD","863","1","2023-01-13 12:00:00","20"
"864","CARD","864","1","2023-01-13 12:00:00","20"
"865","CARD","865","1","2023-01-13 12:00:00","20"
"866","CARD","866","1","2023-01-13 12:00:00","20"
"867","CARD","867","1","2023-01-13 12:00:00","20"
"868","CARD","868","1","2023-01-13 12:00:00","20"
"869","CARD","869","1","2023-01-13 12:00:00","20"
"870","CARD","870","1","2023-01-13 12:00:00","20"
"871","CARD","871","1","2023-01-13 12:00:00","20"
"872","CARD","872","1","2023-01-13 12:00:00","20"
"873","CARD","873","1","2023-01-13 12:00:00","20"
"874","CARD","874","1","2023-01-13 12:00:00","20"
"875","CARD","875","1","2023-01-13 12:00:00","20"
"876","CARD","876","1","2023-01-13 12:00:00","20"
"877","CARD","877","1","2023-01-13 12:00:00","20"
"878","CARD","878","1","2023-01-13 12:00:00","20"
"879","CARD","879","1","2023-01-13 12:00:00","20"
"880","CARD","880","1","2023-01-13 12:00:00","20"
"881","CARD","881","1","2023-01-13 12:00:00","20"
"882","CARD","882","1","2023-01-13 12:00:00","20"
"883","CARD","883","1","2023-01-13 12:00:00","20"
"884","CARD","884","1","2023-01-13 12:00:00","20"
"885","CARD","885","1","2023-01-13 12:00:00","20"
"886","CARD","886","1","2023-01-13 12:00:00","20"
"887","CARD","887","1","2023-01-13 12:00:00","20"
"888","CARD","888","1","2023-01-13 12:00:00","20"
"889","CARD","889","1","2023-01-13 12:00:00","20"
"890","CARD","890","1","2023-01-13 12:00:00","20"
"891","CARD","891","1","2023-01-13 12:00:00","20"
"892","CARD","892","1","2023-01-13 12:00:00","20"
"893","CARD","893","1","2023-01-13 12:00:00","20"
"894","CARD","894","1","2023-01-13 12:00:00","20"
"895","CARD","895","1","2023-01-13 12:00:00","20"
"896","CARD","896","1","2023-01-13 12:00:00","20"
"897","CARD","897","1","2023-01-13 12:00:00","20"
"898","CARD","898","1","2023-01-13 12:00:00","20"
"899","CARD","899","1","2023-01-13 12:00:00","20"
"900","CARD","900","1","2023-01-13 12:00:00","20"
"901","CARD","901","1","2023-01-13 12:00:00","20"
"902","CARD","902","1","2023-01-13 12:00:00","20"
"903","CARD","903","1","2023-01-13 12:00:00","20"
"904","CARD","904","1","2023-01-13 12:00:00","20"
"905","CARD","905","1","2023-01-13 12:00:00","20"
"906","CARD","906","1","2023-01-13 12:00:00","20"
"907","CARD","907","1","2023-01-13 12:00:00","20"
"908","CARD","908","1","2023-01-13 12:00:00","20"
"909","CARD","909","1","2023-01-13 12:00:00","20"
"910","CARD","910","1","2023-01-13 12:00:00","20"
"911","CARD","911","1","2023-01-13 12:00:00","20"
"912","CARD","912","1","2023-01-13 12:00:00","20"
"913","CARD","913","1","2023-01-13 12:00:00","20"
"914","CARD","914","1","2023-01-13 12:00:00","20"
"915","CARD","915","1","2023-01-13 12:00:00","20"
"916","CARD","916","1","2023-01-13 12:00:00","20"
"917","CARD","917","1","2023-01-13 12:00:00","20"
"918","CARD","918","1","2023-01-13 12:00:00","20"
"919","CARD","919","1","2023-01-13 12:00:00","20"
"920","CARD","920","1","2023-01-13 12:00:00","20"
"921","CARD","921","1","2023-01-13 12:00:00","20"
"922","CARD","922","1","2023-01-13 12:00:00","20"
"923","CARD","923","1","2023-01-13 12:00:00","20"
"924","CARD","924","1","2023-01-13 12:00:00","20"
"925","CARD","925","1","2023-01-13 12:00:00","20"
"926","CARD","926","1","2023-01-13 12:00:00","20"
"927","CARD","927","1","2023-01-13 12:00:00","20"
"928","CARD","928","1","2023-01-13 12:00:00","20"
"929","CARD","929","1","2023-01-13 12:00:00","20"
"930","CARD","930","1","2023-01-13 12:00:00","20"
"931","CARD","931","1","2023-01-13 12:00:00","20"
"932","CARD","932","1","2023-01-13 12:00:00","20"
"933","CARD","933","1","2023-01-13 12:00:00","20"
"934","CARD","934","1","2023-01-13 12:00:00","20"
"935","CARD","935","1","2023-01-13 12:00:00","20"
"936","CARD","936","1","2023-01-13 12:00:00","20"
"937","CARD","937","1","2023-01-13 12:00:00","20"
"938","CARD","938","1","2023-01-13 12:00:00","20"
"939","CARD","939","1","2023-01-13 12:00:00","20"
"940","CARD","940","1","2023-01-13 12:00:00","20"
"941","CARD","941","1","2023-01-13 12:00:00","20"
"942","CARD","942","1","2023-01-13 12:00:00","20"
"943","CARD","943","1","2023-01-13 12:00:00","20"
"944","CARD","944","1","2023-01-13 12:00:00","20"
"945","CARD","945","1","2023-01-13 12:00:00","20"
"946","CARD","946","1","2023-01-13 12:00:00","20"
"947","CARD","947","1","2023-01-13 12:00:00","20"
"948","CARD","948","1","2023-01-13 12:00:00","20"
"949","CARD","949","1","2023-01-13 12:00:00","20"
"950","CARD","950","1","2023-01-13 12:00:00","20"
"951","CARD","951","1","2023-01-13 12:00:00","20"
"952","CARD","952","1","2023-01-13 12:00:00","20"
"953","CARD","953","1","2023-01-13 12:00:00","20"
"954","CARD","954","1","2023-01-13 12:00:00","20"
"955","CARD","955","1","2023-01-13 12:00:00","20"
"956","CARD","956","1","2023-01-13 12:00:00","20"
"957","CARD","957","1","2023-01-13 12:00:00","20"
"958","CARD","958","1","2023-01-13 12:00:00","20"
"959","CARD","959","1","2023-01-13 12:00:00","20"
"960","CARD","960","1","2023-01-13 12:00:00","20"
"961","CARD","961","1","2023-01-13 12:00:00","20"
"962","CARD","962","1","2023-01-13 12:00:00","20"
"963","CARD","963","1","2023-01-13 12:00:00","20"
"964","CARD","964","1","2023-01-13 12:00:00","20"
"965","CARD","965","1","2023-01-13 12:00:00","20"
"966","CARD","966","1","2023-01-13 12:00:00","20"
"967","CARD","967","1","2023-01-13 12:00:00","20"
"968","CARD","968","1","2023-01-13 12:00:00","20"
"969","CARD","969","1","2023-01-13 12:00:00","20"
"970","CARD","970","1","2023-01-13 12:00:00","20"
"971","CARD","971","1","2023-01-13 12:00:00","20"
"972","CARD","972","1","2023-01-13 12:00:00","20"
"973","CARD","973","1","2023-01-13 12:00:00","20"
"974","CARD","974","1","2023-01-13 12:00:00","20"
"975","CARD","975","1","2023-01-13 12:00:00","20"
"976","CARD","976","1","2023-01-13 12:00:00","20"
"977","CARD","977","1","2023-01-13 12:00:00","20"
"978","CARD","978","1","2023-01-13 12:00:00","20"
"979","CARD","979","1","2023-01-13 12:00:00","20"
"980","CARD","980","1","2023-01-13 12:00:00","20"
"981","CARD","981","1","2023-01-13 12:00:00","20"
"982","CARD","982","1","2023-01-13 12:00:00","20"
"983","CARD","983","1","2023-01-13 12:00:00","20"
"984","CARD","984","1","2023-01-13 12:00:00","20"
"985","CARD","985","1","2023-01-13 12:00:00","20"
"986","CARD","986","1","2023-01-13 12:00:00","20"
"987","CARD","987","1","2023-01-13 12:00:00","20"
"988","CARD","988","1","2023-01-13 12:00:00","20"
"989","CARD","989","1","2023-01-13 12:00:00","20"
"990","CARD","990","1","2023-01-13 12:00:00","20"
"991","CARD","991","1","2023-01-13 12:00:00","20"
"992","CARD","992","1","2023-01-13 12:00:00","20"
"993","CARD","993","1","2023-01-13 12:00:00","20"
"994","CARD","994","1","2023-01-13 12:00:00","20"
"995","CARD","995","1","2023-01-13 12:00:00","20"
"996","CARD","996","1","2023-01-13 12:00:00","20"
"997","CARD","997","1","2023-01-13 12:00:00","20"
"998","CARD","998","1","2023-01-13 12:00:00","20"
"999","CARD","999","1","2023-01-13 12:00:00","20"
"1000","CARD","1000","1","2023-01-13 12:00:00","20"
